{
  "meta": {
    "timestamp": "2025-09-27T19:44:35.914Z",
    "fileCount": 13,
    "iterations": 5,
    "dataset": "/Users/gustavovalverde/dev/personal/hgtm/tests/fixtures",
    "testReadability": true
  },
  "results": [
    {
      "name": "tiny",
      "size": 18,
      "benchmarks": {
        "h2m-parser_no_readability": {
          "mean": 0.01785000000000423,
          "median": 0.015500000000002956,
          "p95": 0.027167000000005714,
          "p99": 0.027167000000005714,
          "min": 0.013750000000001705,
          "max": 0.027167000000005714,
          "samples": 5
        },
        "h2m-parser_with_readability": {
          "mean": 0.23929999999999724,
          "median": 0.2342079999999953,
          "p95": 0.2578329999999909,
          "p99": 0.2578329999999909,
          "min": 0.22158300000000963,
          "max": 0.2578329999999909,
          "samples": 5
        },
        "turndown": {
          "mean": 0.03159179999999821,
          "median": 0.02854200000000162,
          "p95": 0.046916999999993436,
          "p99": 0.046916999999993436,
          "min": 0.025415999999992778,
          "max": 0.046916999999993436,
          "samples": 5
        },
        "node_html_markdown": {
          "mean": 0.016600199999999177,
          "median": 0.017291999999997643,
          "p95": 0.02049999999999841,
          "p99": 0.02049999999999841,
          "min": 0.012917000000001622,
          "max": 0.02049999999999841,
          "samples": 5
        }
      }
    },
    {
      "name": "small",
      "size": 84,
      "benchmarks": {
        "h2m-parser_no_readability": {
          "mean": 0.02628339999999696,
          "median": 0.026916999999997415,
          "p95": 0.03079199999999105,
          "p99": 0.03079199999999105,
          "min": 0.022125000000002615,
          "max": 0.03079199999999105,
          "samples": 5
        },
        "h2m-parser_with_readability": {
          "mean": 0.30430799999999464,
          "median": 0.2862079999999878,
          "p95": 0.38970799999999883,
          "p99": 0.38970799999999883,
          "min": 0.25379099999999255,
          "max": 0.38970799999999883,
          "samples": 5
        },
        "turndown": {
          "mean": 0.14472480000000018,
          "median": 0.07816599999999596,
          "p95": 0.44787499999999625,
          "p99": 0.44787499999999625,
          "min": 0.05499999999999261,
          "max": 0.44787499999999625,
          "samples": 5
        },
        "node_html_markdown": {
          "mean": 0.023983199999997852,
          "median": 0.023792000000000257,
          "p95": 0.025124999999988518,
          "p99": 0.025124999999988518,
          "min": 0.02341599999999744,
          "max": 0.025124999999988518,
          "samples": 5
        }
      }
    },
    {
      "name": "medium",
      "size": 369,
      "benchmarks": {
        "h2m-parser_no_readability": {
          "mean": 0.019325000000000613,
          "median": 0.019292000000007192,
          "p95": 0.019666999999998325,
          "p99": 0.019666999999998325,
          "min": 0.019000000000005457,
          "max": 0.019666999999998325,
          "samples": 5
        },
        "h2m-parser_with_readability": {
          "mean": 0.393808199999998,
          "median": 0.287124999999989,
          "p95": 0.7744160000000022,
          "p99": 0.7744160000000022,
          "min": 0.2569999999999908,
          "max": 0.7744160000000022,
          "samples": 5
        },
        "turndown": {
          "mean": 0.07451680000000352,
          "median": 0.06816700000000253,
          "p95": 0.10091699999999548,
          "p99": 0.10091699999999548,
          "min": 0.05812500000000398,
          "max": 0.10091699999999548,
          "samples": 5
        },
        "node_html_markdown": {
          "mean": 0.035775000000001,
          "median": 0.03700000000000614,
          "p95": 0.03900000000000148,
          "p99": 0.03900000000000148,
          "min": 0.032083000000000084,
          "max": 0.03900000000000148,
          "samples": 5
        }
      }
    },
    {
      "name": "file_1",
      "size": 89721,
      "filename": "039c4b966d1f2a0c589ac0aad211fe65500ad...",
      "benchmarks": {
        "h2m-parser_no_readability": {
          "mean": 1.7598581999999907,
          "median": 1.6494580000000099,
          "p95": 2.2092499999999973,
          "p99": 2.2092499999999973,
          "min": 1.5519159999999772,
          "max": 2.2092499999999973,
          "samples": 5
        },
        "h2m-parser_with_readability": {
          "mean": 9.026083399999994,
          "median": 7.6795419999999694,
          "p95": 15.261042000000003,
          "p99": 15.261042000000003,
          "min": 7.0510830000000055,
          "max": 15.261042000000003,
          "samples": 5
        },
        "turndown": {
          "mean": 6.630833200000007,
          "median": 6.630958999999962,
          "p95": 6.978624999999965,
          "p99": 6.978624999999965,
          "min": 6.153333000000032,
          "max": 6.978624999999965,
          "samples": 5
        },
        "node_html_markdown": {
          "mean": 4.062125200000002,
          "median": 4.082291999999995,
          "p95": 4.298166999999978,
          "p99": 4.298166999999978,
          "min": 3.920500000000004,
          "max": 4.298166999999978,
          "samples": 5
        }
      }
    },
    {
      "name": "file_2",
      "size": 70337,
      "filename": "06ed0a833361190536a4f61888354e07dccaa...",
      "benchmarks": {
        "h2m-parser_no_readability": {
          "mean": 1.1766503999999713,
          "median": 1.1482089999999516,
          "p95": 1.24087499999996,
          "p99": 1.24087499999996,
          "min": 1.1315419999999676,
          "max": 1.24087499999996,
          "samples": 5
        },
        "h2m-parser_with_readability": {
          "mean": 5.572391999999968,
          "median": 5.388999999999896,
          "p95": 6.365458999999987,
          "p99": 6.365458999999987,
          "min": 5.310083999999961,
          "max": 6.365458999999987,
          "samples": 5
        },
        "turndown": {
          "mean": 4.394824799999992,
          "median": 4.406958999999915,
          "p95": 4.56533300000001,
          "p99": 4.56533300000001,
          "min": 4.217291000000046,
          "max": 4.56533300000001,
          "samples": 5
        },
        "node_html_markdown": {
          "mean": 2.2207584000000224,
          "median": 2.1625000000000227,
          "p95": 2.556791999999973,
          "p99": 2.556791999999973,
          "min": 1.970042000000035,
          "max": 2.556791999999973,
          "samples": 5
        }
      }
    },
    {
      "name": "file_3",
      "size": 160839,
      "filename": "078cdb456d1beb698aeed86e0f2161e442e94...",
      "benchmarks": {
        "h2m-parser_no_readability": {
          "mean": 3.415800000000013,
          "median": 3.3239170000000513,
          "p95": 3.6689999999999827,
          "p99": 3.6689999999999827,
          "min": 3.2544579999999996,
          "max": 3.6689999999999827,
          "samples": 5
        },
        "h2m-parser_with_readability": {
          "mean": 14.015025200000036,
          "median": 12.464125000000081,
          "p95": 21.18020899999999,
          "p99": 21.18020899999999,
          "min": 11.694417000000044,
          "max": 21.18020899999999,
          "samples": 5
        },
        "turndown": {
          "mean": 9.59216679999995,
          "median": 9.091417000000092,
          "p95": 11.794291999999814,
          "p99": 11.794291999999814,
          "min": 8.882041999999956,
          "max": 11.794291999999814,
          "samples": 5
        },
        "node_html_markdown": {
          "mean": 3.9190250000000106,
          "median": 3.9129590000000007,
          "p95": 4.022458000000142,
          "p99": 4.022458000000142,
          "min": 3.7562500000001364,
          "max": 4.022458000000142,