{
  "generatedAt": "2025-09-28T15:53:58.663Z",
  "iterations": 10,
  "fixture": "/Users/gustavovalverde/dev/personal/hgtm/tests/fixtures/039c4b966d1f2a0c589ac0aad211fe65500ad1cb58c7f45b34251db7056803ec.html",
  "origin": "file:///Users/gustavovalverde/dev/personal/hgtm/tests/fixtures/039c4b966d1f2a0c589ac0aad211fe65500ad1cb58c7f45b34251db7056803ec.html",
  "modes": [
    {
      "name": "h2m-parser (await)",
      "iterations": 10,
      "mean": 14.7404335,
      "p95": 66.096416,
      "min": 7.1074999999999875,
      "max": 66.096416,
      "samples": [
        66.096416,
        11.503292000000016,
        9.450249999999983,
        7.529459000000003,
        8.446708999999998,
        8.980083000000008,
        7.246459000000016,
        11.266458,
        7.1074999999999875,
        9.777708999999987
      ]
    },
    {
      "name": "mdream (await)",
      "iterations": 10,
      "mean": 4.197712600000003,
      "p95": 13.953917000000004,
      "min": 1.8685000000000116,
      "max": 13.953917000000004,
      "samples": [
        13.953917000000004,
        5.057249999999996,
        2.9078340000000082,
        2.8263749999999987,
        2.478166999999999,
        2.3723750000000052,
        2.3492080000000044,
        5.9766249999999985,
        2.1868750000000006,
        1.8685000000000116
      ]
    },
    {
      "name": "mdream (stream)",
      "iterations": 10,
      "mean": 14.891512799999997,
      "p95": 118.69437500000001,
      "min": 2.1537500000000023,
      "max": 118.69437500000001,
      "samples": [
        118.69437500000001,
        2.948291999999981,
        2.466667000000001,
        2.1537500000000023,
        2.398291999999998,
        2.179541999999998,
        2.4088339999999846,
        3.1409170000000017,
        10.316958999999997,
        2.2075000000000102
      ]
    }
  ]
}